 "1000003","Chevrolet","Truck / Silverado 1500","2005","2006",""
"1000003","Chevrolet","Truck / Silverado 2500","2005","2006",""
"1000003","Chevrolet","Truck / Silverado 3500","2005","2006",""
"1000003","Chevrolet","Avalanche","2005","2006","Only Fits Models Without Body Cladding"
"1000001","Chevrolet","Truck / Silverado 1500","2005","2006",""
"1000001","Chevrolet","Truck / Silverado 2500","2005","2006",""
"1000001","Chevrolet","Truck / Silverado 3500","2005","2006",""
"1000001","Chevrolet","Avalanche","2005","2006","Only Fits Models Without Body Cladding"
"1000002","Chevrolet","Truck / Silverado 1500","2005","2006",""
"1000002","Chevrolet","Truck / Silverado 2500","2005","2006",""
"1000002","Chevrolet","Truck / Silverado 3500","2005","2006",""
"1000002","Chevrolet","Avalanche","2005","2006","Only Fits Models Without Body Cladding"
